"Seq #","Feature ID","Feature Name","Module / Phase","Milestone & Sprint","Current Status","Branch / PR Reference","Live Progress & Developer Notes"
"1","F01","Candidate Registration - OTP Phone Verification","Core Auth","M1 - Week 1","Fully Implemented","main","LoginScreen & OtpScreen wired to POST /auth/otp/send & /auth/otp/verify. SMS OTP flow working."
"2","F02","Candidate Registration - Email & Profile Setup","Core Auth","M1 - Week 1","Fully Implemented","d1e0444","New OTP users finish sign-up on CompleteProfileScreen -> POST /user/register (fixed 25 Sep, Batch 1). Email sign-up uses POST /auth/register/password."
"3","F04","User Login - OTP-Based Phone Login","Core Auth","M1 - Week 1","Fully Implemented","main","Phone OTP login returns signed JWT with role claims; token stored in LocalStorage (SharedPreferences)."
"4","F05","User Login - Email + Password Login","Core Auth","M1 - Week 1","Fully Implemented","main","Email + password login built in LoginScreen and available on main."
"5","F06","Forgot Password & Password Reset Flow","Core Auth","M1 - Week 1","Fully Implemented","main","ForgotPasswordScreen email OTP reset flow (backend sends the email) available on main."
"6","F07","JWT Authentication Middleware & RBAC","Core Auth","M1 - Week 1","Fully Implemented","d1e0444","Bearer JWT on every call; a 401 mid-session calls AuthNotifier.sessionExpired() and the router sends the user to Login (H-05 fixed). Backend also supports cookie auth for the website."
"7","F08","SMS OTP Service Integration","Core Auth","M1 - Week 1","Fully Implemented","main","SMS OTP is sent by the backend; app calls /auth/otp/send and /auth/otp/verify."
"8","F09","File Upload Service (Images, PDFs, Docs)","Core Auth","M1 - Week 1","Fully Implemented","main","App uploads avatars and documents via backend POST /api/files/upload and uses the returned URL."
"9","F10","Candidate Profile - Personal & Professional Info","Candidate Profile","M1 - Week 1","Fully Implemented","main (f629e75)","EditProfileDialog calls PATCH /user/profile for name, headline, gender and about. Profile read from GET /user/profile. More -> Share Profile Link copies https://kaammilega.com/profile/<user id> (same link as the website) with a confirmation message."
"10","F11","Candidate Profile - Education History","Candidate Profile","M1 - Week 1","Fully Implemented","d1e0444","Add, edit and delete: POST /user/education, PUT/DELETE /user/education/:id (Batch 7a, 25 Sep)."
"11","F12","Candidate Profile - Work Experience","Candidate Profile","M1 - Week 1","Fully Implemented","d1e0444","Add, edit and delete: POST /user/experience, PUT/DELETE /user/experience/:id (Batch 7a, 25 Sep)."
"12","F13","Candidate Profile - Skills Tagging & Multi-Select","Candidate Profile","M1 - Week 1","Fully Implemented","d1e0444","Add (POST /user/skill) and remove (DELETE /user/skill/:skillName). Backend bug: multi-word skill names are not decoded, so they cannot be removed (B-07)."
"13","F14","Candidate Profile - Profile Photo Upload","Candidate Profile","M1 - Week 1","Fully Implemented","main","Profile photo upload and remove with instant preview and fallback avatar. No image cropping."
"14","F15","Candidate Profile - Resume Upload & Download","Candidate Profile","M1 - Week 1","Fully Implemented","main (a30fa29)","Resume picked and uploaded on device, sent as resume_url when applying to a job. Waiting on backend: no resume field on the user profile, so it is not saved to the profile."
"15","F16","Candidate Profile - Profile Strength Bar","Candidate Profile","M1 - Week 1","Fully Implemented","main","ProfileStrengthCard with weighted completeness calculation, checklist and 1-tap actions."
"16","F17","Candidate Profile - Portfolio Links & Projects","Candidate Profile","M1 - Week 1","Fully Implemented","main","Projects add, edit (PUT) and delete, plus portfolio_label. Available on main."
"17","F21","Candidate - Job Search & Discovery Engine","Jobs & Hiring","M1 - Week 1","Fully Implemented","feat/map-location-integration (0fa522f) + uncommitted (30 Sep)","Jobs tab with blue hero card; search with voice input (speech_to_text); Popular Categories on Home open Jobs with a filter, and filters reset when the user goes back to Home (30 Sep)."
"18","F22","Candidate - Category & City Filters","Jobs & Hiring","M1 - Week 1","Fully Implemented","main","FilterModalSheet & CitySelectorSheet multi-select filters for Job Type, City, Gender, Education, Salary, Experience."
"19","F23","Candidate - Job Detail View & 1-Click Apply","Jobs & Hiring","M1 - Week 1","Fully Implemented","main (a30fa29)","Job detail with 1-click apply; Already Applied state from GET /applications/check/:jobId. Errors shown with clear messages."
"20","F24","Candidate - Save / Bookmark Jobs","Jobs & Hiring","M1 - Week 1","Fully Implemented","d1e0444","Bookmark toggle synced with POST /user/bookmark/:jobId; Saved Jobs loads every saved job by ID (GET /jobs/:id), deleted jobs show as unavailable."
"21","F25","Candidate - My Applications Dashboard","Jobs & Hiring","M1 - Week 1","Fully Implemented","main","MyApplicationsScreen fetches GET /applications/my with status badges (Applied, Shortlisted, Interview, Rejected)."
"22","F29","Candidate - Interview Calendar & Schedule View","Jobs & Hiring","M1 - Week 1","Fully Implemented","main","InterviewsScreen fetches GET /interviews/my showing date, time (UTC handled), location, mode and notes."
"23","F42","Experts - Become an Expert Registration","Skills & Experts","M1 - Week 1","Fully Implemented","feat/map-location-integration (0fa522f)","Apply to be an Expert opens the Pro Expert plans screen (monthly / yearly) and the application form; drawer has a highlighted Apply card."
"24","F43","Experts - Verified Expert Public Directory","Skills & Experts","M1 - Week 1","Fully Implemented","main (a30fa29)","Expert directory reads GET /mentorships (not /admin/users). No fake ratings shown."
"25","F44","Experts - Book 1-on-1 Mentorship Session","Skills & Experts","M1 - Week 1","Fully Implemented","main (a30fa29)","Free sessions booked via POST /mentorships/book; paid sessions via wallet (POST /mentorships/book-wallet) or Razorpay (create-order + verify-payment)."
"26","F54","Networking - Professional Connections Hub","Social & Chat","M1 - Week 1","Fully Implemented","feat/map-location-integration (0fa522f)","Connections, pending invitations, connect/accept/ignore/remove; member profile page (/members/:id) with Connect and Message."
"27","F56","Real-Time Chat - Conversation List & Badges","Social & Chat","M1 - Week 1","Partially Implemented","main (a30fa29)","ChatListScreen lists conversations. Unread badge is fixed at 0. Waiting on backend: unread message count."
"28","F57","Real-Time Chat - Instant WebSocket Delivery","Social & Chat","M1 - Week 1","Fully Implemented","uncommitted (30 Sep)","29 Sep fix: one socket at a time, 20 s ping, endless backoff reconnect (1-30 s), reconnect on network back / app resume / Retry, missed messages fetched after reconnect, full history paged. Small profile photos beside messages. Backend: one socket per user and unregister race (B-11)."
"29","F61","Events - Public Event Directory & Category Stream","Events & Community","M1 - Week 1","Fully Implemented","main","EventsScreen: GET /api/events list and search, shimmer loading and refresh. No category filter."
"30","F62","Events - One-Click Event Registration","Events & Community","M1 - Week 1","Fully Implemented","main","Register Event button calls POST /api/events/:id/register; My Registered Events view."
"31","F92","Platform - WebSocket Hub (Real-Time Engine)","Platform Utilities","M1 - Week 1","Fully Implemented","uncommitted (30 Sep)","App connects to /api/ws/chats?token=JWT; see F57 for the 29 Sep reliability fix."
"32","F93","Platform - Settings & Account Preferences","Platform Utilities","M1 - Week 1","Fully Implemented","main (f629e75)","SettingsScreen syncs settings via GET /user/profile + PUT /user/settings; change password. Logout clears the session and goes to Login (Back does not return to Home)."
"33","F97","Mobile App - Native Android Application","Mobile Client","M1 - Week 1","Partially Implemented","main (a30fa29)","Android app ID set to com.kaammilega.app with ProGuard rules. Pending: release signing key (planned for later)."
"34","F98","Mobile App - Native iOS Application","Mobile Client","M1 - Week 1","Partially Implemented","main (a30fa29)","iOS bundle ID set to com.kaammilega.app. Pending: Apple team / signing setup."
"35","F99","Platform - Guest User Mode & Auth Guards","Mobile Client","M1 - Week 1","Fully Implemented","main (f629e75)","App start: Splash (min 1.5s) -> session check -> Home (logged in) or Login. Login screen offers Explore Jobs as Guest: guest mode is in memory only (restart -> Login), guests can browse Jobs and Job details. Apply, Wallet, Network, Settings, Applied Jobs, Interviews, Apply as Expert and Profile More show a Login Required popup with no API call; router guard sends guests away from account-only screens."
"36","F68","Multi-Type Wallet - Balance Ledger (Main/Earnings/Locked/Bonus)","Payments & Wallet","M2 - Week 2","Fully Implemented","main (a30fa29)","WalletScreen shows real balances from GET /wallet/balance. No fake amounts."
"37","F70","Multi-Type Wallet - Add Money via Razorpay","Payments & Wallet","M2 - Week 2","Fully Implemented","main (a30fa29)","Add Money: POST /wallet/topup/create-order -> Razorpay checkout -> POST /wallet/topup/verify. Money shown only after server confirms. Needs Razorpay TEST-mode testing. Backend note: verify credits the amount sent by the client."
"38","F72","Multi-Type Wallet - Transaction History & Ledger Logs","Payments & Wallet","M2 - Week 2","Fully Implemented","feat/map-location-integration (0fa522f)","Website-style transaction rows: category badge, Main/Locked balance, balance after, short reference, plain-language purpose, status; category filter."
"39","F74","Rs 99 One-Time Platform Access Pass (10 Gigs Quota)","Payments & Wallet","M2 - Week 2","Partially Implemented","feat/map-location-integration (0fa522f)","InstantPass (10 spot gigs) is bought with the wallet on the Instant Milega page (POST /instant-work/pass/pay-wallet). The Home Rs 99 Access banner still says coming soon and charges nothing."
"40","F76","Paid Expert Mentorship Session Checkout (Razorpay)","Payments & Wallet","M2 - Week 2","Fully Implemented","main (a30fa29)","Paid mentorship checkout: book-wallet or Razorpay create-order + verify-payment. Needs Razorpay TEST-mode testing."
"41","F63","Events - Paid Event Ticket Checkout (Razorpay)","Events & Community","M2 - Week 2","Fully Implemented","feat/map-location-integration (95c0800)","Paid event tickets: Razorpay (create-order + verify-payment) or wallet checkout, QR ticket view, My Tickets (GET /events/my/tickets). Razorpay TEST-mode run pending."
"42","F75","Paid Tier - Become a Professional / Expert Subscription","Payments & Wallet","M2 - Week 2","Fully Implemented","feat/map-location-integration (0fa522f)","Pro Expert subscription: GET /subscriptions/expert/plans and /my, Razorpay create-order + verify, or wallet checkout. Razorpay TEST-mode run pending."
"43","F69","Multi-Type Wallet - Aadhaar & PAN KYC Identity Verification","Payments & Wallet","M2 - Week 2","Upcoming","main (a30fa29)","Not built in the app (no KYC screen). Waiting on backend: KYC API."
"44","F71","Multi-Type Wallet - Bank Payout API (Withdraw Earnings)","Payments & Wallet","M2 - Week 2","Partially Implemented","d1e0444","Withdraw request live: POST /wallet/withdraw (UPI or bank, min Rs 50). Backend has no bank verification or RazorpayX payouts; withdrawals are processed manually. No real withdrawal made in testing."
"45","F73","Multi-Type Wallet - Refunds & Dispute Handling","Payments & Wallet","M2 - Week 2","Fully Implemented","feat/map-location-integration (0fa522f)","Dispute / Refund on money-out rows: reason list with hints, 10-1000 characters, status of existing requests (POST /wallet/disputes, GET /wallet/my/disputes). Approved refunds go to the Main balance."
"46","F66","Notifications - Transactional Email Automation (Brevo SMTP)","Notifications & AI","M2 - Week 2","Fully Implemented","main (a30fa29)","Transactional emails are sent by the backend; app settings has the email notification toggle."
"47","F30","InstantMilega - Gig Worker ""Free Now"" Real-Time Toggle","InstantMilega Gig","M3 - Week 3","Fully Implemented","feat/map-location-integration (0fa522f)","Online / Offline availability toggle on Instant Milega (POST /instant-work/availability); needs InstantPass (HTTP 402 requires_pass opens the pass purchase)."
"48","F31","InstantMilega - 30-Second Real-Time GPS Location Tracking","InstantMilega Gig","M3 - Week 3","Partially Implemented","feat/map-location-integration (0fa522f)","Location sent when going online / from the location bar (POST /instant-work/location). Continuous 30-second background tracking is not built."
"49","F32","InstantMilega - MongoDB 2dsphere Spatial Indexing Engine","InstantMilega Gig","M3 - Week 3","Fully Implemented","backend fb1c62e","Backend feature (2dsphere index) is live; the app uses it through the spot-gig feed. Nothing else to build in the app."
"50","F35","InstantMilega - 60-Second WebSocket Job Dispatch Card","InstantMilega Gig","M3 - Week 3","Partially Implemented","feat/map-location-integration (0fa522f)","Spot Gigs feed + claim + active gig + complete (GET /instant-work/candidate/feed, POST /claim, GET /candidate/active-job, PUT /jobs/:id/complete). Pull-based list, not a 60-second WebSocket dispatch card. Map removed from the page."
"51","F36","InstantMilega - Rs 99 Gig Access & Quota Engine","InstantMilega Gig","M3 - Week 3","Partially Implemented","feat/map-location-integration (0fa522f)","InstantPass quota via wallet works; Razorpay pass purchase (/pass/order, /pass/verify) not integrated. Backend issues reported (B-12)."
"52","F37","WebRTC - In-App P2P Audio Calling","InstantMilega Gig","M3 - Week 3","Upcoming","main","Not started. Waiting on backend: WebRTC signaling."
"53","F38","WebRTC - In-App P2P Video Calling","InstantMilega Gig","M3 - Week 3","Upcoming","main","Not started. Waiting on backend: WebRTC signaling."
"54","F39","Skills Marketplace - Skill Profile Showcase","Skills & Experts","M4 - Week 4","Fully Implemented","main","Skills shown on profile with master catalog browse and tagging. No endorsements."
"55","F41","Skills Marketplace - Skill Certifications & Badges","Skills & Experts","M4 - Week 4","Upcoming","main","Not started. Waiting on backend: certification / badge API."
"56","F45","Experts - Expert Session Rating & Reviews","Skills & Experts","M4 - Week 4","Fully Implemented","d1e0444","Rate a completed session from My Booked Sessions: POST /mentorships/bookings/:id/review. Backend does not update the expert overall rating."
"57","F46","Experts - Expert Earnings Dashboard & Session History","Skills & Experts","M4 - Week 4","Partially Implemented","main (a30fa29)","Expert earnings balance shown in the wallet. No session history screen yet. Waiting on backend: expert session history API."
"58","F47","Services - Service Directory & Category Browse","Services Market","M4 - Week 4","Partially Implemented","main (a30fa29)","Service category tiles shown with a coming soon state (no fake providers). Waiting on backend: services API."
"59","F48","Services - Book Local Handyman / Technician","Services Market","M4 - Week 4","Upcoming","main (a30fa29)","Not built in the app (coming soon state only). Waiting on backend: service booking API."
"60","F49","Services - Provider Profile & Service Quotes","Services Market","M4 - Week 4","Upcoming","main (a30fa29)","Not built in the app (coming soon state only). Waiting on backend: provider profile and quotes API."
"61","F50","Services - Real-Time Provider GPS Tracking on Map","Services Market","M4 - Week 4","Upcoming","main","Not started. Waiting on backend: provider location tracking."
"62","F51","Social Feed - Professional Community Discussion Feed","Social & Chat","M4 - Week 4","Upcoming","main (a30fa29)","Feed shows a coming soon placeholder (no fake posts). Waiting on backend: community feed API."
"63","F52","Social Feed - Post Multimedia Sharing (Images/Videos)","Social & Chat","M4 - Week 4","Upcoming","main","Not started. Depends on F51 feed API."
"64","F53","Social Feed - Hashtags, Likes, Comments & Shares","Social & Chat","M4 - Week 4","Upcoming","main","Not started. Depends on F51 feed API."
"65","F55","Networking - People You May Know / Suggested Connections","Social & Chat","M4 - Week 4","Fully Implemented","uncommitted (30 Sep)","People You May Know from GET /community/users (public member list, not personalised). 30 Sep: LinkedIn-style 2-column cards with cover, photo, headline or skills, city, Connect and Message. Format/analyze/test pending."
"66","F58","Real-Time Chat - Media & Document Attachment Sharing","Social & Chat","M4 - Week 4","Upcoming","main (a30fa29)","Not built in the app (no attachment sending). Waiting on backend: chat attachment support."
"67","F59","Real-Time Chat - Block User & Report Conversation","Social & Chat","M4 - Week 4","Upcoming","main (a30fa29)","Not built in the app (no block/report actions). Waiting on backend: block and report API."
"68","F64","Events - Attendee List Modal (Clickable Join Count)","Events & Community","M4 - Week 4","Pending Implementation","main","Backend now has GET /events/:id/attendees (public). Not integrated in the app yet."
"69","F65","Notifications - Firebase FCM Push Notifications","Notifications & AI","M5 - Week 5","Pending Implementation","main","Not started. Waiting on backend: FCM device token and push sending."
"70","F67","AI Assistant - Chat with AI (Prompt Chips + Paywall)","Notifications & AI","M5 - Week 5","Upcoming","main (a30fa29)","Not built in the app (no AI chat screen). Waiting on backend: AI assistant API."
"71","F94","Platform - Refer & Earn (Referral Links & Rewards)","Platform Utilities","M5 - Week 5","Upcoming","main","Not started. Waiting on backend: referral API."
"72","F95","Platform - Offers & Cashback (Bonus Wallet)","Platform Utilities","M5 - Week 5","Upcoming","main","Not started. Waiting on backend: offers and bonus wallet API."
