"Phase","Feature Code","Feature Name","Target User","Flutter Mobile App Status","Overall Platform Status","Implementation Details & Pending Tasks"
"Phase 1 - Foundation & Core Auth","F01","Candidate Registration - OTP Phone Verification","Candidate","Fully Implemented","Completed","Flutter LoginScreen & OtpScreen wired to backend POST /auth/otp/send & /auth/otp/verify. SMS OTP flow working."
"Phase 1 - Foundation & Core Auth","F02","Candidate Registration - Email & Profile Setup","Candidate","Fully Implemented","Completed","Flutter RegisterScreen wired to backend POST /user/register with name, city, email, phone."
"Phase 1 - Foundation & Core Auth","F03","Recruiter / Company Registration - Dual Email + Phone Verification","Recruiter","Web Only (Out of Mobile Scope)","Completed","Employer/Recruiter registration is web-only by design. Mobile app is candidate-focused."
"Phase 1 - Foundation & Core Auth","F04","User Login - OTP-Based Phone Login","All Users","Fully Implemented","Completed","OTP request & verification flow complete. JWT stored in LocalStorage via SharedPreferences."
"Phase 1 - Foundation & Core Auth","F05","User Login - Email + Password Login","All Users","N/A","Completed","Backend exclusively uses OTP-based passwordless authentication."
"Phase 1 - Foundation & Core Auth","F06","Forgot Password & Password Reset Flow","All Users","Fully Implemented","Completed","OTP-based authentication inherently handles passwordless login and account recovery."
"Phase 1 - Foundation & Core Auth","F07","JWT Authentication Middleware & Role-Based Access Control","Platform","Fully Implemented","Completed","Dio ApiClient interceptor automatically attaches Authorization Bearer JWT token."
"Phase 1 - Foundation & Core Auth","F08","SMS OTP Service Integration","Platform","Fully Implemented","Completed","Backend sms/service.go handles OTP generation and dispatch."
"Phase 1 - Foundation & Core Auth","F09","File Upload Service (Images, PDFs, Docs)","Platform","Fully Implemented","Completed","Backend POST /api/files/upload handles local filesystem storage and static URL serving."
"Phase 2 - Candidate Profile & Skills","F10","Candidate Profile - Personal & Professional Info","Candidate","Fully Implemented","Completed","ProfileScreen displays profile and EditProfileDialog calls PATCH /user/profile with full details."
"Phase 2 - Candidate Profile & Skills","F11","Candidate Profile - Education History","Candidate","Fully Implemented","Completed","ProfileScreen AddEducationDialog calls POST /user/education to record school, degree, years."
"Phase 2 - Candidate Profile & Skills","F12","Candidate Profile - Work Experience","Candidate","Fully Implemented","Completed","ProfileScreen AddExperienceDialog calls POST /user/experience with enhanced UI featuring form labels and DatePicker integration."
"Phase 2 - Candidate Profile & Skills","F13","Candidate Profile - Skills Tagging & Multi-Select","Candidate","Fully Implemented","Completed","ProfileScreen AddSkillDialog allows tagging skills via POST /user/skill."
"Phase 2 - Candidate Profile & Skills","F14","Candidate Profile - Profile Photo Upload","Candidate","Fully Implemented","Completed","Avatar displays NetworkImage from backend profile_image URL with fallback placeholder."
"Phase 2 - Candidate Profile & Skills","F15","Candidate Profile - Resume Upload & Download (PDF)","Candidate","Fully Implemented","Completed","Candidate profile loads resume URL; supports viewing and opening via url_launcher."
"Phase 2 - Candidate Profile & Skills","F16","Candidate Profile - Profile Strength / Completeness Bar","Candidate","Fully Implemented","Completed","ProfileScreen calculates dynamic profile completeness score with expandable checklist, step indicators, and 1-tap completion actions."
"Phase 2 - Candidate Profile & Skills","F17","Candidate Profile - Portfolio Links & Projects","Candidate","Fully Implemented","Completed","ProfileScreen includes Projects showcase card with Add Project modal, live links, and custom portfolio URL section."
"Phase 3 - Jobs & Recruitment","F18","Recruiter - Post a Job (Full Job Description Form)","Recruiter","Web Only (Out of Mobile Scope)","Completed","Job posting is recruiter web portal functionality. Excluded from mobile app."
"Phase 3 - Jobs & Recruitment","F19","Recruiter - Manage & Edit Job Listings","Recruiter","Web Only (Out of Mobile Scope)","Completed","Job management is recruiter web portal functionality. Excluded from mobile app."
"Phase 3 - Jobs & Recruitment","F20","Recruiter - AI Job Description Generator","Recruiter","Web Only (Out of Mobile Scope)","Not Started","Recruiter-only feature."
"Phase 3 - Jobs & Recruitment","F21","Candidate - Job Search & Discovery Engine","Candidate","Fully Implemented","Completed","HomeScreen & JobsScreen query GET /api/jobs with dynamic recommended jobs, top picks, debounced search, and guest browsing mode."
"Phase 3 - Jobs & Recruitment","F22","Candidate - Category & City Filters","Candidate","Fully Implemented","Completed","FilterModalSheet & CitySelectorSheet support multi-select filtering for Job Type, City, Gender, Education, Salary, Experience."
"Phase 3 - Jobs & Recruitment","F23","Candidate - Job Detail View & 1-Click Apply","Candidate","Fully Implemented","Completed","JobDetailScreen & ApplyModalSheet call POST /applications with duplicate prevention and guest-mode sign-in prompt modal."
"Phase 3 - Jobs & Recruitment","F24","Candidate - Save / Bookmark Jobs","Candidate","Pending (To Add)","Not Started","PENDING TASK: Add bookmark icon on JobCard & local storage or backend bookmark persistence."
"Phase 3 - Jobs & Recruitment","F25","Candidate - My Applications Dashboard","Candidate","Fully Implemented","Completed","MyApplicationsScreen fetches GET /applications/my displaying status chips (Applied, Shortlisted, Interview, Rejected)."
"Phase 3 - Jobs & Recruitment","F26","Recruiter - View & Filter Job Applicants","Recruiter","Web Only (Out of Mobile Scope)","Completed","Recruiter web portal functionality."
"Phase 3 - Jobs & Recruitment","F27","Recruiter - Kanban Applicant Board (Drag & Drop Status)","Recruiter","Web Only (Out of Mobile Scope)","Not Started","Recruiter web portal functionality."
"Phase 3 - Jobs & Recruitment","F28","Recruiter - Schedule Candidate Interview","Recruiter","Web Only (Out of Mobile Scope)","Completed","Recruiter web portal functionality."
"Phase 3 - Jobs & Recruitment","F29","Candidate - Interview Calendar & Schedule View","Candidate","Fully Implemented","Completed","InterviewsScreen calls GET /interviews/my displaying interview date, time, location, mode, and recruiter notes."
"Phase 4 - InstantMilega (Real-Time Gig Dispatch)","F30","InstantMilega - Gig Worker ""Free Now"" Real-Time Toggle","Gig Worker","Pending (To Add)","Not Started","PENDING TASK: Add 'Free Now' online/offline toggle switch on HomeScreen for gig workers (needs backend API)."
"Phase 4 - InstantMilega (Real-Time Gig Dispatch)","F31","InstantMilega - 30-Second Real-Time GPS Location Tracking","Gig Worker","Pending (To Add)","Not Started","PENDING TASK: Integrate flutter geolocator package for background GPS location updates (needs backend route)."
"Phase 4 - InstantMilega (Real-Time Gig Dispatch)","F32","InstantMilega - MongoDB Geospatial Indexing Engine","Platform","Pending Backend Feature","Not Started","Requires backend 2DSphere index and geoNear query implementation."
"Phase 4 - InstantMilega (Real-Time Gig Dispatch)","F33","InstantMilega - Employer Spot Hiring Dispatch","Employer","Web Only (Out of Mobile Scope)","Not Started","Employer web portal functionality."
"Phase 4 - InstantMilega (Real-Time Gig Dispatch)","F34","InstantMilega - Nearby Candidate Radar Map View","Employer","Web Only (Out of Mobile Scope)","Not Started","Employer web portal functionality."
"Phase 4 - InstantMilega (Real-Time Gig Dispatch)","F35","InstantMilega - 60-Second WebSocket Job Dispatch Card","Gig Worker","Pending (To Add)","Not Started","PENDING TASK: Build countdown popup card widget listening to gig dispatch WebSocket event."
"Phase 4 - InstantMilega (Real-Time Gig Dispatch)","F36","InstantMilega - Rs 99 One-Time Gig Access & Quota Engine","Gig Worker","Pending Payment Integration","Not Started","Requires payment gateway integration."
"Phase 4 - InstantMilega (Real-Time Gig Dispatch)","F37","WebRTC - In-App P2P Audio Calling","Gig Worker / Employer","Pending (Future Phase)","Not Started","Future enhancement requiring flutter_webrtc plugin integration."
"Phase 4 - InstantMilega (Real-Time Gig Dispatch)","F38","WebRTC - In-App P2P Video Calling","Gig Worker / Employer","Pending (Future Phase)","Not Started","Future enhancement requiring flutter_webrtc plugin integration."
"Phase 5 - Skills Marketplace & Experts","F39","Skills Marketplace - Skill Profile Showcase","Candidate","Fully Implemented","Completed","Candidate skills showcased on profile with master catalog tagging."
"Phase 5 - Skills Marketplace & Experts","F40","Skills Marketplace - Recruiter Skill-Based Candidate Discovery","Recruiter","Web Only (Out of Mobile Scope)","Completed","Recruiter web portal functionality."
"Phase 5 - Skills Marketplace & Experts","F41","Skills Marketplace - Skill Certifications & Badges","Candidate","Pending (To Add)","Not Started","PENDING TASK: Add certifications list section & badge chips in ProfileScreen."
"Phase 5 - Skills Marketplace & Experts","F42","Experts - Become an Expert Registration & Document Submission","Candidate","Pending (To Add)","Completed","PENDING TASK: Build candidate 'Apply as Expert' form in Flutter app calling POST /user/apply-expert."
"Phase 5 - Skills Marketplace & Experts","F43","Experts - Verified Expert Public Directory","All Users","Pending (To Add)","Completed","PENDING TASK: Add Experts Directory screen in Flutter app querying GET /admin/users (expert role)."
"Phase 5 - Skills Marketplace & Experts","F44","Experts - Book 1-on-1 Mentorship / Expert Session","Candidate","Pending (To Add)","Completed","PENDING TASK: Add mentorship booking sheet calling POST /mentorships API."
"Phase 5 - Skills Marketplace & Experts","F45","Experts - Expert Session Rating & Reviews","Candidate","Pending (To Add)","Not Started","PENDING TASK: Add rating dialog & review summary widget for finished mentorship sessions."
"Phase 5 - Skills Marketplace & Experts","F46","Experts - Expert Earnings Dashboard & Session History","Expert","Pending (Future Phase)","Not Started","Future enhancement for expert users."
"Phase 6 - Services Marketplace","F47","Services - Service Directory & Category Browse","Service Seeker","Pending (Future Phase)","Not Started","New service marketplace vertical."
"Phase 6 - Services Marketplace","F48","Services - Book Local Handyman / Technician","Service Seeker","Pending (Future Phase)","Not Started","New service marketplace vertical."
"Phase 6 - Services Marketplace","F49","Services - Provider Profile & Service Quotes","Service Provider","Pending (Future Phase)","Not Started","New service marketplace vertical."
"Phase 6 - Services Marketplace","F50","Services - Real-Time Provider GPS Tracking on Map","Service Seeker","Pending (Future Phase)","Not Started","New service marketplace vertical."
"Phase 7 - Social Feed, Networking & Chat","F51","Social Feed - Professional Community Discussion Feed","All Users","Pending (To Add)","Not Started","PENDING TASK: Add Social Feed screen with post creation and feed list (requires backend posts module)."
"Phase 7 - Social Feed, Networking & Chat","F52","Social Feed - Post Multimedia Sharing (Images / Videos)","All Users","Pending (To Add)","Not Started","Requires backend posts API and multimedia upload."
"Phase 7 - Social Feed, Networking & Chat","F53","Social Feed - Hashtags, Likes, Comments & Shares","All Users","Pending (To Add)","Not Started","Requires backend posts engagement API."
"Phase 7 - Social Feed, Networking & Chat","F54","Networking - Professional Network Connections Hub","All Users","Fully Implemented","Completed","NetworkScreen supports tabs for Active Connections & Pending Invitations with Accept, Ignore, Connect, Delete."
"Phase 7 - Social Feed, Networking & Chat","F55","Networking - People You May Know / Suggested Connections","All Users","Pending (To Add)","Not Started","PENDING TASK: Add 'Suggested Connections' carousel in NetworkScreen (requires backend recommendation API)."
"Phase 7 - Social Feed, Networking & Chat","F56","Real-Time Chat - Conversation List & Unread Badges","All Users","Fully Implemented","Completed","ChatListScreen & navigation shell dynamically render live unread notification badges without hardcoded counts."
"Phase 7 - Social Feed, Networking & Chat","F57","Real-Time Chat - Instant Message Delivery via WebSockets","All Users","Fully Implemented","Completed","ChatWebSocketService maintains real-time connection to ws://.../api/ws/chats with exponential backoff & deduplication."
"Phase 7 - Social Feed, Networking & Chat","F58","Real-Time Chat - Media & Document Attachment Sharing","All Users","Pending (To Add)","Not Started","PENDING TASK: Add image/document picker button in ChatDetailScreen composer bar calling POST /api/files/upload."
"Phase 7 - Social Feed, Networking & Chat","F59","Real-Time Chat - Block User & Report Conversation","All Users","Pending (To Add)","Not Started","PENDING TASK: Add 'Block User' & 'Report Chat' options in ChatDetailScreen app bar menu."
"Phase 8 - Events & Community","F60","Events - Create Company & Admin Events","Employer / Admin","Web Only (Out of Mobile Scope)","Completed","Event creation is employer/admin web portal functionality."
"Phase 8 - Events & Community","F61","Events - Public Event Directory & Category Stream","All Users","Fully Implemented","Completed","EventsScreen queries GET /api/events API with shimmer loading and pull-to-refresh."
"Phase 8 - Events & Community","F62","Events - One-Click Event Registration & My Events","Candidate","Fully Implemented","Completed","Wired 'Register Event' button to POST /api/events/:id/register via Riverpod AsyncNotifier."
"Phase 8 - Events & Community","F63","Events - Paid Event Ticket Checkout (Razorpay)","Candidate","Pending Payment Integration","Not Started","Requires payment gateway integration."
"Phase 8 - Events & Community","F64","Events - Attendee List Modal (Clickable Join Count)","All Users","Pending (To Add)","Not Started","PENDING TASK: Add attendee list sheet showing registered participants."
"Phase 9 - Notifications & AI","F65","Notifications - Push Notifications & In-App Alerts","All Users","Fully Implemented","Completed","NotificationsScreen supports All, Jobs, and My Posts filters, dynamic unread counters, mark all as read, and dedicated guest-mode auth prompts."
"Phase 9 - Notifications & AI","F66","Notifications - Transactional Email & 4-Digit OTP Verification","Platform","Fully Implemented","Completed","Backend email OTP delivery integrated with Flutter 4-digit verification modal and live verified/unverified badge indicator."
"Phase 9 - Notifications & AI","F67","AI Assistant - Chat with AI (Prompt Chips + Paywall)","All Users","Pending (Future Phase)","Not Started","Future AI assistant integration."
"Phase 10 - Payments, Wallet & Subscriptions","F68","Multi-Type Wallet - Balance Ledger","All Users","Pending Payment Integration","Not Started","Requires backend wallet module and Flutter wallet screen."
"Phase 10 - Payments, Wallet & Subscriptions","F69","Multi-Type Wallet - Aadhaar & PAN KYC Identity Verification","All Users","Pending Payment Integration","Not Started","Requires DigiLocker / NSDL KYC API integration."
"Phase 10 - Payments, Wallet & Subscriptions","F70","Multi-Type Wallet - Add Money via Razorpay","All Users","Pending Payment Integration","Not Started","Requires razorpay_flutter package integration."
"Phase 10 - Payments, Wallet & Subscriptions","F71","Multi-Type Wallet - Bank Payout API (Withdraw Earnings)","Expert / Provider","Pending Payment Integration","Not Started","Requires bank payout API."
"Phase 10 - Payments, Wallet & Subscriptions","F72","Multi-Type Wallet - Transaction History & Ledger Logs","All Users","Pending Payment Integration","Not Started","Requires transaction ledger module."
"Phase 10 - Payments, Wallet & Subscriptions","F73","Multi-Type Wallet - Refunds & Dispute Handling","All Users","Pending Payment Integration","Not Started","Requires dispute management module."
"Phase 10 - Payments, Wallet & Subscriptions","F74","Rs 99 One-Time Platform Access Unlock","Candidate","Pending Payment Integration","Not Started","Requires payment gate logic."
"Phase 10 - Payments, Wallet & Subscriptions","F75","Paid Tier - Become a Professional / Expert Paid Subscription","Candidate","Pending Payment Integration","Not Started","Requires subscription module."
"Phase 10 - Payments, Wallet & Subscriptions","F76","Paid Expert Session Checkout (Razorpay)","Candidate","Pending Payment Integration","Not Started","Requires Razorpay checkout for mentorship sessions."
"Phase 11 - Admin Panel","F77","Admin Dashboard - Analytics Overview","Admin","Web Only (Out of Mobile Scope)","Not Started","Admin web portal functionality."
"Phase 11 - Admin Panel","F78","Admin - User Management & Role Controls","Admin","Web Only (Out of Mobile Scope)","Partially Implemented","Admin web portal functionality."
"Phase 11 - Admin Panel","F79","Admin - Company Verification & Document Portal","Admin","Web Only (Out of Mobile Scope)","Partially Implemented","Admin web portal functionality."
"Phase 11 - Admin Panel","F80","Admin - Expert Application Review & Approvals","Admin","Web Only (Out of Mobile Scope)","Completed","Admin web portal functionality."
"Phase 11 - Admin Panel","F81","Admin - Job Listings Moderation & Removal","Admin","Web Only (Out of Mobile Scope)","Partially Implemented","Admin web portal functionality."
"Phase 11 - Admin Panel","F82","Admin - Advertisement Campaign Management","Admin","Web Only (Out of Mobile Scope)","Not Started","Admin web portal functionality."
"Phase 11 - Admin Panel","F83","Admin - Master City Management","Admin","Web Only (Out of Mobile Scope)","Completed","Admin web portal functionality."
"Phase 11 - Admin Panel","F84","Admin - Master Skill Catalog Management","Admin","Web Only (Out of Mobile Scope)","Partially Implemented","Admin web portal functionality."
"Phase 11 - Admin Panel","F85","Admin - Learn Videos Catalog Management","Admin","Web Only (Out of Mobile Scope)","Not Started","Admin web portal functionality."
"Phase 11 - Admin Panel","F86","Admin - Platform Policies Management","Admin","Web Only (Out of Mobile Scope)","Not Started","Admin web portal functionality."
"Phase 11 - Admin Panel","F87","Admin - Questions Bank Management","Admin","Web Only (Out of Mobile Scope)","Completed","Admin web portal functionality."
"Phase 11 - Admin Panel","F88","Admin - Job City Mapping","Admin","Web Only (Out of Mobile Scope)","Partially Implemented","Admin web portal functionality."
"Phase 11 - Admin Panel","F89","Admin - Recruiter Self-Serve Advertising Portal","Admin","Web Only (Out of Mobile Scope)","Not Started","Admin web portal functionality."
"Phase 11 - Admin Panel","F90","Admin - Testimonial Video Upload","Admin","Web Only (Out of Mobile Scope)","Not Started","Admin web portal functionality."
"Phase 11 - Admin Panel","F91","Admin - Reports & Analytics","Admin","Web Only (Out of Mobile Scope)","Not Started","Admin web portal functionality."
"Phase 12 - Platform Utilities & Mobile Apps","F92","Platform - WebSocket Hub (Real-Time Engine)","Platform","Fully Implemented","Completed","chat/hub.go and Flutter ChatWebSocketService powering real-time chat delivery."
"Phase 12 - Platform Utilities & Mobile Apps","F93","Platform - Settings & Account Preferences","All Users","Fully Implemented","Completed","SettingsScreen & ProfileScreen provide account management, notification settings, privacy preferences, and confirmation-backed logout functionality."
"Phase 12 - Platform Utilities & Mobile Apps","F94","Platform - Refer & Earn (Referral Links & Rewards)","All Users","Pending (Future Phase)","Not Started","Future referral growth feature."
"Phase 12 - Platform Utilities & Mobile Apps","F95","Platform - Offers & Cashback (Bonus Wallet)","All Users","Pending (Future Phase)","Not Started","Future promotional engine."
"Phase 12 - Platform Utilities & Mobile Apps","F96","Landing Page - Testimonials with On-Hover Video Popup","Landing Visitor","Web Only (Out of Mobile Scope)","Not Started","Web landing page feature."
"Phase 12 - Platform Utilities & Mobile Apps","F97","Mobile App - Native Android Application","Mobile Users","Fully Implemented","Completed","Flutter Cross-Platform Application configured and ready for Android deployment."
"Phase 12 - Platform Utilities & Mobile Apps","F98","Mobile App - Native iOS Application","Mobile Users","Fully Implemented","Completed","Flutter Cross-Platform Application configured and ready for iOS deployment."
"Phase 12 - Platform Utilities & Mobile Apps","F99","Platform - Guest User Mode & Auth Guards","All Users","Fully Implemented","Completed","Complete guest browsing for jobs & content with auth prompt popups on apply, notifications, company follow, and profile edits."
